{"target_instances_optimized": "512", "target_total_verified": 205, "target_results_path": "mnist_fc_24h/pf_2_net_1/runs/results_512_instances.json", "target_instances": 202, "target_success": 82, "target_errors": 1, "target_timeouts": 119, "target_mean": 2195.6485309813283, "target_std": 1717.017062098565, "target_par10": 1921.4214485340779, "default_total_verified": 964, "default_results_path": "mnist_fc_24h/default/results_default_net_1_data_nnenum.json", "default_instances": 202, "default_success": 123, "default_errors": 0, "default_timeout": 79, "default_mean": 1595.8860713337908, "default_std": 1706.9083732278284, "default_par10": 1511.5853830670367, "delta_total_verified": 202, "delta_mean": 599.7624596475374, "delta_std": 1260.555543269586, "delta_sum": 121152.01684880257, "delta_max": 3594.3057293891907, "delta_min": -54.47268223762512}