{
  "target_instances_optimized": 128,
  "target_total_verified": 156,
  "target_results_path": "grace_dump12/24hour_training_mnist_fc_single/runs/results_128_instances.json",
  "target_instances": 101,
  "target_success": 49,
  "target_errors": 2,
  "target_timeouts": 50,
  "target_mean": 1908.9398309240246,
  "target_std": 1728.4544343862844,
  "target_par10": 1792.9258577634791,
  "default_total_verified": 964,
  "default_results_path": "grace_dump12/default/results_mnist_fc_single_data_nnenum.json",
  "default_instances": 101,
  "default_success": 61,
  "default_errors": 0,
  "default_timeout": 40,
  "default_mean": 1563.0674246821072,
  "default_std": 1706.6072858004507,
  "default_par10": 1471.1559886035352,
  "delta_total_verified": 101,
  "delta_mean": 345.87240624191736,
  "delta_std": 969.4846118108517,
  "delta_sum": 34933.113030433655,
  "delta_max": 3594.1054780483246,
  "delta_min": -1689.65225148201
}
