{
  "target_instances_optimized": 32,
  "target_total_verified": 134,
  "target_results_path": "grace_dump12/24hour_training_mnist_fc_single/runs/results_32_instances.json",
  "target_instances": 132,
  "target_success": 78,
  "target_errors": 0,
  "target_timeouts": 54,
  "target_mean": 1612.1686271194255,
  "target_std": 1705.5307257573425,
  "target_par10": 1537.9207074154508,
  "default_total_verified": 964,
  "default_results_path": "grace_dump12/default/results_mnist_fc_single_data_nnenum.json",
  "default_instances": 132,
  "default_success": 79,
  "default_errors": 0,
  "default_timeout": 53,
  "default_mean": 1584.7331034649503,
  "default_std": 1702.7594889432319,
  "default_par10": 1515.6064222942698,
  "delta_total_verified": 132,
  "delta_mean": 27.435523654475357,
  "delta_std": 132.1074845570224,
  "delta_sum": 3621.489122390747,
  "delta_max": 1035.0937132835388,
  "delta_min": -69.71867799758911
}
