{"target_instances_optimized": "256", "target_total_verified": 304, "target_results_path": "mnist_fc_24h/pf_2_net_1/runs/results_256_instances.json", "target_instances": 200, "target_success": 100, "target_errors": 0, "target_timeouts": 100, "target_mean": 1888.4220405459405, "target_std": 1751.1138143224139, "target_par10": 1690.9775774252414, "default_total_verified": 964, "default_results_path": "mnist_fc_24h/default/results_default_net_1_data_nnenum.json", "default_instances": 200, "default_success": 122, "default_errors": 0, "default_timeout": 78, "default_mean": 1593.8339661359787, "default_std": 1705.838707816836, "default_par10": 1511.690270986557, "delta_total_verified": 200, "delta_mean": 294.5880744099617, "delta_std": 811.6008006546787, "delta_sum": 58917.61488199234, "delta_max": 3593.4110736846924, "delta_min": -0.34177398681640625}