{
  "target_instances_optimized": 16,
  "target_total_verified": 133,
  "target_results_path": "grace_dump12/24hour_training_mnist_fc_single/runs/results_16_instances.json",
  "target_instances": 131,
  "target_success": 77,
  "target_errors": 0,
  "target_timeouts": 54,
  "target_mean": 1617.0957404766375,
  "target_std": 1711.7160439983472,
  "target_par10": 1526.74604509805,
  "default_total_verified": 964,
  "default_results_path": "grace_dump12/default/results_mnist_fc_single_data_nnenum.json",
  "default_instances": 131,
  "default_success": 78,
  "default_errors": 0,
  "default_timeout": 53,
  "default_mean": 1588.1581221300228,
  "default_std": 1708.7931896409536,
  "default_par10": 1504.2751736094933,
  "delta_total_verified": 131,
  "delta_mean": 28.93761834661469,
  "delta_std": 137.5552253820316,
  "delta_sum": 3790.8280034065247,
  "delta_max": 1090.1947367191315,
  "delta_min": -52.87625074386597
}
