{"target_instances_optimized": "8", "target_total_verified": 133, "target_results_path": "mnist_fc_24h/pf_2_net_1/runs/results_8_instances.json", "target_instances": 131, "target_success": 77, "target_errors": 0, "target_timeouts": 54, "target_mean": 1620.614473117217, "target_std": 1708.0883359592765, "target_par10": 1506.6376665330115, "default_total_verified": 964, "default_results_path": "mnist_fc_24h/default/results_default_net_1_data_nnenum.json", "default_instances": 131, "default_success": 78, "default_errors": 0, "default_timeout": 53, "default_mean": 1588.1581221300228, "default_std": 1708.7931896409536, "default_par10": 1504.2751736094933, "delta_total_verified": 131, "delta_mean": 32.45635098719415, "delta_std": 129.65204961315095, "delta_sum": 4251.7819793224335, "delta_max": 759.7470288276672, "delta_min": -52.77305579185486}