{"target_instances_optimized": "512", "target_total_verified": 2069, "target_results_path": "mnist_fc_24h/pf_1_net_3/runs/results_512_instances.json", "target_instances": 1000, "target_success": 596, "target_errors": 0, "target_timeouts": 404, "target_mean": 88.32917844390869, "target_std": 104.92901450340996, "target_par10": 523.0291784439087, "default_total_verified": 1234, "default_results_path": "mnist_fc_24h/default/results_default_net_3_data_nnenum.json", "default_instances": 1000, "default_success": 857, "default_errors": 0, "default_timeout": 143, "default_mean": 47.42178528761864, "default_std": 93.43957167399152, "default_par10": 339.0217852876186, "delta_total_verified": 1000, "delta_mean": 40.907393156290055, "delta_std": 64.89305862854236, "delta_sum": 40907.393156290054, "delta_max": 296.1351351737976, "delta_min": -0.26517438888549805}