{"target_instances_optimized": "64", "target_total_verified": 3365, "target_results_path": "mnist_fc_24h/pf_1_net_3/runs/results_64_instances.json", "target_instances": 1000, "target_success": 611, "target_errors": 0, "target_timeouts": 389, "target_mean": 84.22055647611619, "target_std": 107.44988511313238, "target_par10": 537.8205564761162, "default_total_verified": 1234, "default_results_path": "mnist_fc_24h/default/results_default_net_3_data_nnenum.json", "default_instances": 1000, "default_success": 857, "default_errors": 0, "default_timeout": 143, "default_mean": 47.42178528761864, "default_std": 93.43957167399152, "default_par10": 339.0217852876186, "delta_total_verified": 1000, "delta_mean": 36.79877118849755, "delta_std": 67.10602128973916, "delta_sum": 36798.77118849754, "delta_max": 296.1574957370758, "delta_min": -45.88972878456116}