{"target_instances_optimized": "256", "target_total_verified": 2094, "target_results_path": "mnist_fc_24h/pf_1_net_3/runs/results_256_instances.json", "target_instances": 1000, "target_success": 567, "target_errors": 0, "target_timeouts": 433, "target_mean": 92.85985940194129, "target_std": 107.72587489549794, "target_par10": 568.0598594019413, "default_total_verified": 1234, "default_results_path": "mnist_fc_24h/default/results_default_net_3_data_nnenum.json", "default_instances": 1000, "default_success": 857, "default_errors": 0, "default_timeout": 143, "default_mean": 47.42178528761864, "default_std": 93.43957167399152, "default_par10": 339.0217852876186, "delta_total_verified": 1000, "delta_mean": 45.43807411432266, "delta_std": 71.87594281370853, "delta_sum": 45438.07411432266, "delta_max": 296.1574957370758, "delta_min": -0.25808000564575195}