{"target_instances_optimized": "128", "target_total_verified": 1706, "target_results_path": "mnist_fc_24h/pf_1_net_3/runs/results_128_instances.json", "target_instances": 1000, "target_success": 839, "target_errors": 0, "target_timeouts": 161, "target_mean": 50.89033160495758, "target_std": 94.9710531735078, "target_par10": 355.9903316049576, "default_total_verified": 1234, "default_results_path": "mnist_fc_24h/default/results_default_net_3_data_nnenum.json", "default_instances": 1000, "default_success": 857, "default_errors": 0, "default_timeout": 143, "default_mean": 47.42178528761864, "default_std": 93.43957167399152, "default_par10": 339.0217852876186, "delta_total_verified": 1000, "delta_mean": 3.4685463173389435, "delta_std": 10.807650383133163, "delta_sum": 3468.5463173389435, "delta_max": 110.28058934211731, "delta_min": -9.66228437423706}