{"target_instances_optimized": "8", "target_total_verified": 2298, "target_results_path": "mnist_fc_24h/pf_3_net_3/runs/results_8_instances.json", "target_instances": 1000, "target_success": 668, "target_errors": 0, "target_timeouts": 332, "target_mean": 78.31771243453026, "target_std": 105.88781943149701, "target_par10": 507.61771243453023, "default_total_verified": 1234, "default_results_path": "mnist_fc_24h/default/results_default_net_3_data_nnenum.json", "default_instances": 1000, "default_success": 857, "default_errors": 0, "default_timeout": 143, "default_mean": 47.42178528761864, "default_std": 93.43957167399152, "default_par10": 339.0217852876186, "delta_total_verified": 1000, "delta_mean": 30.89592714691162, "delta_std": 59.52630376142673, "delta_sum": 30895.92714691162, "delta_max": 296.1574957370758, "delta_min": -0.2022562026977539}