{"target_instances_optimized": "64", "target_total_verified": 2322, "target_results_path": "mnist_fc_24h/pf_3_net_3/runs/results_64_instances.json", "target_instances": 1000, "target_success": 654, "target_errors": 0, "target_timeouts": 346, "target_mean": 81.11093572878838, "target_std": 106.7335016199455, "target_par10": 526.6109357287884, "default_total_verified": 1234, "default_results_path": "mnist_fc_24h/default/results_default_net_3_data_nnenum.json", "default_instances": 1000, "default_success": 857, "default_errors": 0, "default_timeout": 143, "default_mean": 47.42178528761864, "default_std": 93.43957167399152, "default_par10": 339.0217852876186, "delta_total_verified": 1000, "delta_mean": 33.68915044116974, "delta_std": 62.955610510964675, "delta_sum": 33689.15044116974, "delta_max": 296.0502691268921, "delta_min": -0.23030638694763184}