{"target_instances_optimized": "32", "target_total_verified": 3951, "target_results_path": "mnist_fc_24h/pf_3_net_3/runs/results_32_instances.json", "target_instances": 1000, "target_success": 676, "target_errors": 0, "target_timeouts": 324, "target_mean": 81.78529227733613, "target_std": 115.79543970701414, "target_par10": 624.4852922773362, "default_total_verified": 1234, "default_results_path": "mnist_fc_24h/default/results_default_net_3_data_nnenum.json", "default_instances": 1000, "default_success": 857, "default_errors": 0, "default_timeout": 143, "default_mean": 47.42178528761864, "default_std": 93.43957167399152, "default_par10": 339.0217852876186, "delta_total_verified": 1000, "delta_mean": 34.363506989717486, "delta_std": 78.41785174595655, "delta_sum": 34363.50698971748, "delta_max": 297.8334250450134, "delta_min": -7.47599720954895}