{"target_instances_optimized": "16", "target_total_verified": 2277, "target_results_path": "mnist_fc_24h/pf_3_net_3/runs/results_16_instances.json", "target_instances": 1000, "target_success": 680, "target_errors": 0, "target_timeouts": 320, "target_mean": 77.87504837107659, "target_std": 105.0683424617435, "target_par10": 496.37504837107656, "default_total_verified": 1234, "default_results_path": "mnist_fc_24h/default/results_default_net_3_data_nnenum.json", "default_instances": 1000, "default_success": 857, "default_errors": 0, "default_timeout": 143, "default_mean": 47.42178528761864, "default_std": 93.43957167399152, "default_par10": 339.0217852876186, "delta_total_verified": 1000, "delta_mean": 30.453263083457948, "delta_std": 58.123460373373746, "delta_sum": 30453.263083457947, "delta_max": 296.0502691268921, "delta_min": -0.2176685333251953}