{"target_instances_optimized": "64", "target_total_verified": 156, "target_results_path": "mnist_fc_24h/pf_1_net_1/runs/results_64_instances.json", "target_instances": 132, "target_success": 78, "target_errors": 0, "target_timeouts": 54, "target_mean": 1607.6492130864751, "target_std": 1704.7776183846565, "target_par10": 1537.4401341767023, "default_total_verified": 964, "default_results_path": "mnist_fc_24h/default/results_default_net_1_data_nnenum.json", "default_instances": 132, "default_success": 79, "default_errors": 0, "default_timeout": 53, "default_mean": 1584.7331034649503, "default_std": 1702.7594889432319, "default_par10": 1515.6064222942698, "delta_total_verified": 132, "delta_mean": 22.91610962152481, "delta_std": 109.9638935123403, "delta_sum": 3024.926470041275, "delta_max": 738.088353395462, "delta_min": -8.307481288909912}