{"target_instances_optimized": "32", "target_total_verified": 2278, "target_results_path": "mnist_fc_24h/pf_2_net_3/runs/results_32_instances.json", "target_instances": 1000, "target_success": 626, "target_errors": 0, "target_timeouts": 374, "target_mean": 80.46842668700218, "target_std": 108.33090987509594, "target_par10": 531.3684266870022, "default_total_verified": 1234, "default_results_path": "mnist_fc_24h/default/results_default_net_3_data_nnenum.json", "default_instances": 1000, "default_success": 857, "default_errors": 0, "default_timeout": 143, "default_mean": 47.42178528761864, "default_std": 93.43957167399152, "default_par10": 339.0217852876186, "delta_total_verified": 1000, "delta_mean": 33.046641399383546, "delta_std": 66.19216083845782, "delta_sum": 33046.641399383545, "delta_max": 297.6618826389313, "delta_min": -0.36222267150878906}