{"target_instances_optimized": "128", "target_total_verified": 1161, "target_results_path": "mnist_fc_24h/pf_2_net_3/runs/results_128_instances.json", "target_instances": 874, "target_success": 587, "target_errors": 0, "target_timeouts": 287, "target_mean": 67.23092374130572, "target_std": 93.53644915804716, "target_par10": 357.61993975961235, "default_total_verified": 1234, "default_results_path": "mnist_fc_24h/default/results_default_net_3_data_nnenum.json", "default_instances": 874, "default_success": 771, "default_errors": 0, "default_timeout": 103, "default_mean": 38.698132486037856, "default_std": 82.50956082544322, "default_par10": 248.7667823716214, "delta_total_verified": 874, "delta_mean": 28.53279125526786, "delta_std": 52.24710076380202, "delta_sum": 24937.65955710411, "delta_max": 295.3558838367462, "delta_min": -0.23405051231384277}