{
  "target_instances_optimized": 8,
  "target_results_path": "grace_dump12/24hour_training_mnist_fc_2/runs/results_8_instances.json",
  "target_instances": 1000,
  "target_success": 619,
  "target_errors": 0,
  "target_timeouts": 381,
  "target_mean": 83.76708024072647,
  "target_std": 107.85457526556175,
  "target_par10": 537.3670802407265,
  "default_results_path": "grace_dump12/default/results_mnist_fc_data_nnenum.json",
  "default_instances": 1000,
  "default_success": 857,
  "default_errors": 0,
  "default_timeout:": 143,
  "default_mean": 47.42178528761864,
  "default_std": 93.43957167399152,
  "default_par10": 339.0217852876186,
  "delta_mean": 36.34529495310783,
  "delta_std": 67.15078614285868,
  "delta_sum": 36345.294953107834,
  "delta_max": 296.1574957370758,
  "delta_min": -0.33020877838134766
}
