{"target_instances_optimized": "16", "target_total_verified": 2270, "target_results_path": "mnist_fc_24h/pf_2_net_3/runs/results_16_instances.json", "target_instances": 1000, "target_success": 626, "target_errors": 0, "target_timeouts": 374, "target_mean": 79.11468893527984, "target_std": 105.49847359821788, "target_par10": 489.5146889352798, "default_total_verified": 1234, "default_results_path": "mnist_fc_24h/default/results_default_net_3_data_nnenum.json", "default_instances": 1000, "default_success": 857, "default_errors": 0, "default_timeout": 143, "default_mean": 47.42178528761864, "default_std": 93.43957167399152, "default_par10": 339.0217852876186, "delta_total_verified": 1000, "delta_mean": 31.692903647661208, "delta_std": 61.096661791541266, "delta_sum": 31692.90364766121, "delta_max": 297.6618826389313, "delta_min": -0.3329622745513916}