{"target_instances_optimized": "512", "target_total_verified": 1148, "target_results_path": "mnist_fc_24h/pf_2_net_3/runs/results_512_instances.json", "target_instances": 874, "target_success": 600, "target_errors": 0, "target_timeouts": 274, "target_mean": 66.22639074914788, "target_std": 93.67396824488634, "target_par10": 356.61540676745454, "default_total_verified": 1234, "default_results_path": "mnist_fc_24h/default/results_default_net_3_data_nnenum.json", "default_instances": 874, "default_success": 771, "default_errors": 0, "default_timeout": 103, "default_mean": 38.698132486037856, "default_std": 82.50956082544322, "default_par10": 248.7667823716214, "delta_total_verified": 874, "delta_mean": 27.528258263110022, "delta_std": 52.02910671677209, "delta_sum": 24059.69772195816, "delta_max": 295.3173906803131, "delta_min": -0.27091383934020996}