{"target_instances_optimized": "256", "target_total_verified": 1150, "target_results_path": "mnist_fc_24h/pf_2_net_3/runs/results_256_instances.json", "target_instances": 874, "target_success": 598, "target_errors": 0, "target_timeouts": 276, "target_mean": 65.37380081838, "target_std": 92.77766766543678, "target_par10": 346.4950822829109, "default_total_verified": 1234, "default_results_path": "mnist_fc_24h/default/results_default_net_3_data_nnenum.json", "default_instances": 874, "default_success": 771, "default_errors": 0, "default_timeout": 103, "default_mean": 38.698132486037856, "default_std": 82.50956082544322, "default_par10": 248.7667823716214, "delta_total_verified": 874, "delta_mean": 26.675668332342152, "delta_std": 49.42571797608875, "delta_sum": 23314.53412246704, "delta_max": 284.01658058166504, "delta_min": -0.23646044731140137}